"species","genus","family"
"Cirsium aidzuense","Cirsium","Asteraceae"
"Euonymus yakushimensis","Euonymus","Celastraceae"
"Physaliastrum japonicum","Physaliastrum","Solanaceae"
"Silene aomorensis","Silene","Caryophyllaceae"
"Gentianopsis yabei var. akaisiensis","Gentianopsis","Gentianaceae"
"Azolla imbricata","Azolla","Salviniaceae"
"Carex quadriflora","Carex","Cyperaceae"
"Carex poculisquama","Carex","Cyperaceae"
"Cheirostylis liukiuensis","Cheirostylis","Orchidaceae"
"Margaritaria indica","Margaritaria","Phyllanthaceae"
"Carex loliacea","Carex","Cyperaceae"
"Cymbidium lancifolium","Cymbidium","Orchidaceae"
"Gnaphalium hypoleucum","Gnaphalium","Asteraceae"
"Asarum kiusianum var. tubulosum","Asarum","Aristolochiaceae"
"Tropidia angulosa","Tropidia","Orchidaceae"
"Nymphoides peltata","Nymphoides","Menyanthaceae"
"Geranium soboliferum var. hakusanense","Geranium","Geraniaceae"
"Rhododendron komiyamae","Rhododendron","Ericaceae"
"Chionographis hisauchiana subsp. hisauchiana","Chionographis","Melanthiaceae"
"Eriocaulon takae","Eriocaulon","Eriocaulaceae"
"Eriocaulon mikawanum var. azumianum","Eriocaulon","Eriocaulaceae"
"Hypericum oliganthum","Hypericum","Hypericaceae"
"Deparia otomasui","Deparia","Athyriaceae"
"Ligularia sibirica","Ligularia","Asteraceae"
"Achillea alpina subsp. subcartilaginea","Achillea","Asteraceae"
"Elaphoglossum yoshinagae","Elaphoglossum","Onocleaceae"
"Tofieldia coccinea var. akkana","Tofieldia","Tofieldiaceae"
"Salicornia europaea","Salicornia","Amaranthaceae"
"Cypripedium macranthos var. speciosum","Cypripedium","Orchidaceae"
"Cirsium apoense","Cirsium","Asteraceae"
"Erigeron thunbergii subsp. glabratus var. angustifolius","Erigeron","Asteraceae"
"Viola sacchalinensis f. alpina","Viola","Violaceae"
"Silene repens var. apoiensis","Silene","Caryophyllaceae"
"Hylotelephium cauticola f. montana","Hylotelephium","Crassulaceae"
"Asarum muramatsui var. muramatsui","Asarum","Aristolochiaceae"
"Rhododendron amagianum","Rhododendron","Ericaceae"
"Arisaema kuratae","Arisaema","Araceae"
"Rhododendron amakusaense","Rhododendron","Ericaceae"
"Eriocaulon amanoanum","Eriocaulon","Eriocaulaceae"
"Fritillaria muraiana","Fritillaria","Liliaceae"
"Lecanorchis trachycaula","Lecanorchis","Orchidaceae"
"Gentiana jamesii var. robusta","Gentiana","Gentianaceae"
"Platanthera iinumae","Platanthera","Orchidaceae"
"Zeuxine gracilis var. sakagutii","Zeuxine","Orchidaceae"
"Vincetoxicum calcareum","Vincetoxicum","Apocynaceae"
"Arisaema ishizuchiense subsp. ishizuchiense","Arisaema","Araceae"
"Angelica saxicola","Angelica","Apiaceae"
"Drosera peltata var. nipponica","Drosera","Droseraceae"
"Allium schoenoprasum var. idzuense","Allium","Amaryllidaceae"
"Parasenecio amagiensis","Parasenecio","Asteraceae"
"Euphrasia insignis subsp. iinumae var. idzuensis","Euphrasia","Orobanchaceae"
"Dioscorea izuensis","Dioscorea","Dioscoreaceae"
"Conyza japonica","Conyza","Asteraceae"
"Sophora tomentosa","Sophora","Fabaceae"
"Fimbristylis kadzusana","Fimbristylis","Cyperaceae"
"Najas yezoensis","Najas","Hydrocharitaceae"
"Ranunculus reptans","Ranunculus","Ranunculaceae"
"Zannichellia palustris var. indica","Zannichellia","Potamogetonaceae"
"Bulbostylis densa var. capitata","Bulbostylis","Cyperaceae"
"Najas gracillima","Najas","Hydrocharitaceae"
"Carex laxa","Carex","Cyperaceae"
"Potamogeton berchtoldii","Potamogeton","Potamogetonaceae"
"Euphrasia multifolia var. inaensis","Euphrasia","Orobanchaceae"
"Saussurea inaensis","Saussurea","Asteraceae"
"Arisaema inaense","Arisaema","Araceae"
"Cirsium magofukui","Cirsium","Asteraceae"
"Swertia tosaensis","Swertia","Gentianaceae"
"Veronica polita subsp. lilacina","Veronica","Plantaginaceae"
"Lespedeza tomentosa","Lespedeza","Fabaceae"
"Lycopodium carolinianum","Lycopodium","Lycopodiaceae"
"Euphrasia insignis subsp. iinumae var. iinumae","Euphrasia","Orobanchaceae"
"Aconitum chrysopilum","Aconitum","Ranunculaceae"
"Eulophia zollingeri","Eulophia","Orchidaceae"
"Solanum miyakojimense","Solanum","Solanaceae"
"Stereosandra javanica","Stereosandra","Orchidaceae"
"Trichoglottis lutchuensis","Trichoglottis","Orchidaceae"
"Cheilanthes krameri","Cheilanthes","Pteridaceae"
"Dryopteris laeta","Dryopteris","Dryopteridaceae"
"Thalictrum sekimotoanum","Thalictrum","Ranunculaceae"
"Chrysanthemum zawadskii var. zawadskii","Chrysanthemum","Asteraceae"
"Opithandra primuloides","Opithandra","Gesneriaceae"
"Primula tosaensis var. tosaensis","Primula","Primulaceae"
"Asarum kurosawae","Asarum","Aristolochiaceae"
"Amitostigma keiskei","Amitostigma","Orchidaceae"
"Zabelia integrifolia","Zabelia","Caprifoliaceae"
"Hackelia deflexa","Hackelia","Boraginaceae"
"Crepidiastrum yoshinoi","Crepidiastrum","Asteraceae"
"Artemisia sacrorum","Artemisia","Asteraceae"
"Orostachys malacophylla var. iwarenge","Orostachys","Crassulaceae"
"Sciaphila secundiflora","Sciaphila","Triuridaceae"
"Sparganium gramineum","Sparganium","Typhaceae"
"Carex ramenskii","Carex","Cyperaceae"
"Polygonatum cryptanthum","Polygonatum","Asparagaceae"
"Cirsium tenue","Cirsium","Asteraceae"
"Lonicera cerasina","Lonicera","Caprifoliaceae"
"Monochasma savatieri","Monochasma","Orobanchaceae"
"Saussurea yanagisawae","Saussurea","Asteraceae"
"Orchis graminifolia var. graminifolia","Orchis","Orchidaceae"
"Hosta pulchella","Hosta","Asparagaceae"
"Angelica ubatakensis","Angelica","Apiaceae"
"Deutzia uniflora","Deutzia","Hydrangeaceae"
"Aster tripolium","Aster","Asteraceae"
"Hosta hypoleuca","Hosta","Asparagaceae"
"Potentilla nivea","Potentilla","Rosaceae"
"Rhododendron keiskei var. hypoglaucum","Rhododendron","Ericaceae"
"Rhododendron osuzuyamense","Rhododendron","Ericaceae"
"Lagotis glauca","Lagotis","Plantaginaceae"
"Asarum unzen","Asarum","Aristolochiaceae"
"Sedum polytrichoides","Sedum","Crassulaceae"
"Eulalia speciosa","Eulalia","Poaceae"
"Eulalia quadrinervis","Eulalia","Poaceae"
"Apodicarpum ikenoi","Apodicarpum","Apiaceae"
"Juncus potaninii","Juncus","Juncaceae"
"Stellaria pterosperma","Stellaria","Caryophyllaceae"
"Hypericum yezoense","Hypericum","Hypericaceae"
"Oxytropis japonica var. sericea","Oxytropis","Fabaceae"
"Galium boreale var. kamtschaticum","Galium","Rubiaceae"
"Ranunculus franchetii","Ranunculus","Ranunculaceae"
"Hypochaeris crepidioides","Hypochaeris","Asteraceae"
"Hierochloe pluriflora","Hierochloe","Poaceae"
"Cornus suecica","Cornus","Cornaceae"
"Carex viridula","Carex","Cyperaceae"
"Crataegus jozana","Crataegus","Rosaceae"
"Spiraea sericea","Spiraea","Rosaceae"
"Minuartia arctica var. arctica","Minuartia","Caryophyllaceae"
"Crepis gymnopus","Crepis","Asteraceae"
"Teucrium veronicoides var. veronicoides","Teucrium","Lamiaceae"
"Cardamine schinziana","Cardamine","Brassicaceae"
"Salix nakamurana subsp. yezoalpina","Salix","Salicaceae"
"Juncus mertensianus","Juncus","Juncaceae"
"Polemonium caeruleum subsp. yezoense var. yezoense","Polemonium","Polemoniaceae"
"Veronica stelleri var. longistyla","Veronica","Plantaginaceae"
"Lonicera alpigena subsp. glehnii var. glehnii","Lonicera","Caprifoliaceae"
"Salix nummularia","Salix","Salicaceae"
"Silene foliosa","Silene","Caryophyllaceae"
"Veronica schmidtiana subsp. senanensis var. yezoalpina","Veronica","Plantaginaceae"
"Rhododendron dauricum","Rhododendron","Ericaceae"
"Tanacetum vulgare","Tanacetum","Asteraceae"
"Calanthe discolor","Calanthe","Orchidaceae"
"Iris rossii","Iris","Iridaceae"
"Silene wilfordii","Silene","Caryophyllaceae"
"Acanthophippium pictum","Acanthophippium","Orchidaceae"
"Azolla japonica","Azolla","Salviniaceae"
"Epilobium hirsutum","Epilobium","Onagraceae"
"Gratiola japonica","Gratiola","Plantaginaceae"
"Ranunculus nipponicus var. major","Ranunculus","Ranunculaceae"
"Chrysanthemum pallasianum","Chrysanthemum","Asteraceae"
"Arnica sachalinensis","Arnica","Asteraceae"
"Polypodium vulgare","Polypodium","Polypodiaceae"
"Eria corneri","Eria","Orchidaceae"
"Woodwardia harlandii","Woodwardia","Blechnaceae"
"Odontochilus tashiroi","Odontochilus","Orchidaceae"
"Carex rugulosa","Carex","Cyperaceae"
"Aconitum senanense subsp. senanense var. isidzukae","Aconitum","Ranunculaceae"
"Triglochin maritima","Triglochin","Juncaginaceae"
"Helonias leucantha","Helonias","Melanthiaceae"
"Rhododendron mayebarae var. ohsumiense","Rhododendron","Ericaceae"
"Asplenium antiquum","Asplenium","Aspleniaceae"
"Hylotelephium sordidum var. oishii","Hylotelephium","Crassulaceae"
"Viburnum carlesii var. carlesii","Viburnum","Adoxaceae"
"Ardisia walkeri","Ardisia","Primulaceae"
"Prenanthes tanakae","Prenanthes","Asteraceae"
"Panicum paludosum","Panicum","Poaceae"
"Kuhlhasseltia nakaiana var. fissa (in schedule)","Kuhlhasseltia","Orchidaceae"
"Isoetes sinensis var. coreana","Isoetes","Isoetaceae"
"Viola langsdorfii subsp. sachalinensis","Viola","Violaceae"
"Oberonia makinoi","Oberonia","Orchidaceae"
"Siphonostegia laeta","Siphonostegia","Orobanchaceae"
"Leontopodium miyabeanum","Leontopodium","Asteraceae"
"Silene keiskei","Silene","Caryophyllaceae"
"Weigela florida","Weigela","Caprifoliaceae"
"Cardamine arakiana","Cardamine","Brassicaceae"
"Dryopteris lunanensis","Dryopteris","Dryopteridaceae"
"Eriocaulon omuranum","Eriocaulon","Eriocaulaceae"
"Oxalis obtriangulata","Oxalis","Oxalidaceae"
"Pulsatilla cernua","Pulsatilla","Ranunculaceae"
"Elaphoglossum callifolium","Elaphoglossum","Onocleaceae"
"Aster miyagii","Aster","Asteraceae"
"Lindera communis var. okinawensis","Lindera","Lauraceae"
"Dendrobium okinawense","Dendrobium","Orchidaceae"
"Jasminum sinense","Jasminum","Oleaceae"
"Amitostigma lepidum","Amitostigma","Orchidaceae"
"Buxus liukiuensis","Buxus","Buxaceae"
"Portulaca okinawensis","Portulaca","Portulacaceae"
"Callicarpa oshimensis var. okinawensis","Callicarpa","Lamiaceae"
"Nuphar oguraensis","Nuphar","Nymphaeaceae"
"Silene kiusiana","Silene","Caryophyllaceae"
"Myriophyllum oguraense","Myriophyllum","Haloragaceae"
"Eria japonica","Eria","Orchidaceae"
"Nuphar pumila var. ozeensis","Nuphar","Nymphaeaceae"
"Japonolirion osense","Japonolirion","Petrosaviaceae"
"Cirsium homolepis","Cirsium","Asteraceae"
"Meehania montis-koyae","Meehania","Lamiaceae"
"Asarum savatieri subsp. savatieri","Asarum","Aristolochiaceae"
"Adiantum edgeworthii","Adiantum","Pteridaceae"
"Calanthe masuca","Calanthe","Orchidaceae"
"Asarum minamitanianum","Asarum","Aristolochiaceae"
"Artemisia congesta","Artemisia","Asteraceae"
"Lysimachia tashiroi","Lysimachia","Primulaceae"
"Euryale ferox","Euryale","Nymphaeaceae"
"Calamagrostis onibitoana","Calamagrostis","Poaceae"
"Lonicera vidalii","Lonicera","Caprifoliaceae"
"Carex tenuiformis","Carex","Cyperaceae"
"Gentianella amarella subsp. takedae","Gentianella","Gentianaceae"
"Carex bigelowii","Carex","Cyperaceae"
"Arisaema iyoanum subsp. iyoanum","Arisaema","Araceae"
"Fritillaria kaiensis","Fritillaria","Liliaceae"
"Ajuga ciliata var. villosior","Ajuga","Lamiaceae"
"Geranium shikokianum var. kaimontanum","Geranium","Geraniaceae"
"Diplacrum caricinum","Diplacrum","Cyperaceae"
"Nymphoides indica","Nymphoides","Menyanthaceae"
"Asarum curvistigma","Asarum","Aristolochiaceae"
"Iris laevigata","Iris","Iridaceae"
"Phaius tankervilleae","Phaius","Orchidaceae"
"Zeuxine agyokuana","Zeuxine","Orchidaceae"
"Clematis patens","Clematis","Ranunculaceae"
"Gastrochilus japonicus","Gastrochilus","Orchidaceae"
"Primula kisoana var. kisoana","Primula","Primulaceae"
"Platanthera takedae subsp. uzenensis","Platanthera","Orchidaceae"
"Cirsium opacum","Cirsium","Asteraceae"
"Arenaria katoana","Arenaria","Caryophyllaceae"
"Eleocharis tetraquetra var. tsurumachii","Eleocharis","Cyperaceae"
"Gleichenia laevissima","Gleichenia","Gleicheniaceae"
"Lilium speciosum var. speciosum","Lilium","Liliaceae"
"Gratiola fluviatilis","Gratiola","Plantaginaceae"
"Arisaema ishizuchiense subsp. brevicollum","Arisaema","Araceae"
"Primula hidakana var. kamuiana","Primula","Primulaceae"
"Silene hidaka-alpina","Silene","Caryophyllaceae"
"Galeorchis cyclochila","Galeorchis","Orchidaceae"
"Carex bohemica","Carex","Cyperaceae"
"Pyrola faurieana","Pyrola","Ericaceae"
"Carex rupestris","Carex","Cyperaceae"
"Carex rostrata var. rostrata","Carex","Cyperaceae"
"Sagittaria natans","Sagittaria","Alismataceae"
"Arisaema sachalinense","Arisaema","Araceae"
"Silene repens var. repens","Silene","Caryophyllaceae"
"Astragalus schelichovii","Astragalus","Fabaceae"
"Angelica tenuisecta var. tenuisecta","Angelica","Apiaceae"
"Ruppia maritima","Ruppia","Ruppiaceae"
"Leontopodium japonicum var. perniveum","Leontopodium","Asteraceae"
"Ixeris tamagawaensis","Ixeris","Asteraceae"
"Aster kantoensis","Aster","Asteraceae"
"Cyperus exaltatus var. iwasakii","Cyperus","Cyperaceae"
"Allium togashii","Allium","Amaryllidaceae"
"Schizaea dichotoma","Schizaea","Schizaeaceae"
"Cirsium ganjuense","Cirsium","Asteraceae"
"Phaius flavus","Phaius","Orchidaceae"
"Carex gynocrates","Carex","Cyperaceae"
"Cymbidium kanran","Cymbidium","Orchidaceae"
"Allium kiiense","Allium","Amaryllidaceae"
"Spiraea nipponica var. ogawae","Spiraea","Rosaceae"
"Tricyrtis macranthopsis","Tricyrtis","Liliaceae"
"Lecanorchis japonica var. kiiensis","Lecanorchis","Orchidaceae"
"Calanthe sieboldii","Calanthe","Orchidaceae"
"Platycodon grandiflorus","Platycodon","Campanulaceae"
"Ellisiophyllum pinnatum var. reptans","Ellisiophyllum","Plantaginaceae"
"Humata repens","Humata","Davalliaceae"
"Carex nachiana","Carex","Cyperaceae"
"Viola orientalis","Viola","Violaceae"
"Leonurus macranthus","Leonurus","Lamiaceae"
"Calanthe alpina var. schlechteri","Calanthe","Orchidaceae"
"Lonicera demissa var. borealis","Lonicera","Caprifoliaceae"
"Aconitum nipponicum subsp. micranthum","Aconitum","Ranunculaceae"
"Poa glauca var. kitadakensis","Poa","Poaceae"
"Trisetum spicatum subsp. molle","Trisetum","Poaceae"
"Ranunculus kitadakeanus","Ranunculus","Ranunculaceae"
"Callianthemum hondoense","Callianthemum","Ranunculaceae"
"Veronica kiusiana var. kitadakemontana","Veronica","Plantaginaceae"
"Aconitum kitadakense","Aconitum","Ranunculaceae"
"Artemisia kitadakensis","Artemisia","Asteraceae"
"Limosella aquatica","Limosella","Scrophulariaceae"
"Pteris kidoi","Pteris","Pteridaceae"
"Carex matsumurae","Carex","Cyperaceae"
"Veronicastrum tagawae","Veronicastrum","Plantaginaceae"
"Tephroseris furusei","Tephroseris","Asteraceae"
"Pedicularis oederi subsp. heteroglossa","Pedicularis","Orobanchaceae"
"Anoectochilus formosanus","Anoectochilus","Orchidaceae"
"Cypripedium yatabeanum","Cypripedium","Orchidaceae"
"Yoania amagiensis","Yoania","Orchidaceae"
"Dendrobium catenatum","Dendrobium","Orchidaceae"
"Tricyrtis perfoliata","Tricyrtis","Liliaceae"
"Tricyrtis flava subsp. flava","Tricyrtis","Liliaceae"
"Rhamnus yoshinoi","Rhamnus","Rhamnaceae"
"Carex paxii","Carex","Cyperaceae"
"Chloranthus fortunei","Chloranthus","Chloranthaceae"
"Rumex nepalensis var. andreanus","Rumex","Polygonaceae"
"Polystichum grandifrons","Polystichum","Dryopteridaceae"
"Rhododendron japonoheptamerum var. kyomaruense","Rhododendron","Ericaceae"
"Saxifraga bracteata","Saxifraga","Saxifragaceae"
"Eleorchis japonica var. conformis","Eleorchis","Orchidaceae"
"Calanthe aristulifera var. kirishimensis","Calanthe","Orchidaceae"
"Burmannia liukiuensis","Burmannia","Burmanniaceae"
"Corylopsis glabrescens","Corylopsis","Hamamelidaceae"
"Rhododendron nudipes var. kirishimense","Rhododendron","Ericaceae"
"Tomophyllum sakaguchianum","Tomophyllum","Polypodiaceae"
"Kirengeshoma palmata","Kirengeshoma","Hydrangeaceae"
"Lonicera ramosissima var. kinkiensis","Lonicera","Caprifoliaceae"
"Calanthe nipponica","Calanthe","Orchidaceae"
"Asarum hexalobum var. perfectum","Asarum","Aristolochiaceae"
"Hypodematium crenatum subsp. fauriei","Hypodematium","Hypodematiaceae"
"Cephalanthera falcata","Cephalanthera","Orchidaceae"
"Potentilla fruticosa var. rigida","Potentilla","Rosaceae"
"Carex pseudocyperus","Carex","Cyperaceae"
"Cephalanthera longifolia","Cephalanthera","Orchidaceae"
"Taraxacum kuzakaiense","Taraxacum","Asteraceae"
"Vincetoxicum katoi","Vincetoxicum","Apocynaceae"
"Crepidiastrum chelidoniifolium","Crepidiastrum","Asteraceae"
"Carex kujuzana","Carex","Cyperaceae"
"Herminium monorchis","Herminium","Orchidaceae"
"Polemonium caeruleum subsp. laxiflorum var. paludosum","Polemonium","Polemoniaceae"
"Eriocaulon kusiroense","Eriocaulon","Eriocaulaceae"
"Pseudostellaria sylvatica","Pseudostellaria","Caryophyllaceae"
"Oberonia anthropophora var. arisanensis","Oberonia","Orchidaceae"
"Acer oblongum subsp. itoanum","Acer","Sapindaceae"
"Goodyera sonoharae","Goodyera","Orchidaceae"
"Eurya zigzag","Eurya","Pentaphylacaceae"
"Cypripedium japonicum","Cypripedium","Orchidaceae"
"Pteris deltodon","Pteris","Pteridaceae"
"Vitis romanetii","Vitis","Vitaceae"
"Angelica shikokiana var. mayebarana","Angelica","Apiaceae"
"Cyrtomium macrophyllum var. microindusium","Cyrtomium","Dryopteridaceae"
"Epimedium koreanum var. coelestre","Epimedium","Berberidaceae"
"Primula reinii var. kitadakensis","Primula","Primulaceae"
"Arabis tanakana","Arabis","Brassicaceae"
"Taraxacum trigonolobum","Taraxacum","Asteraceae"
"Draba nipponica","Draba","Brassicaceae"
"Saxifraga laciniata","Saxifraga","Saxifragaceae"
"Lepisorus miyoshianus","Lepisorus","Polypodiaceae"
"Anaphalis sinica var. viscosissima","Anaphalis","Asteraceae"
"Aster tenuipes","Aster","Asteraceae"
"Eriocaulon atroides","Eriocaulon","Eriocaulaceae"
"Asplenium coenobiale","Asplenium","Aspleniaceae"
"Chionographis koidzumiana var. kurokamiana","Chionographis","Melanthiaceae"
"Orchis graminifolia var. kurokamiana","Orchis","Orchidaceae"
"Juncus castaneus","Juncus","Juncaceae"
"Lespedeza melanantha","Lespedeza","Fabaceae"
"Clematis fusca","Clematis","Ranunculaceae"
"Acer miyabei var. miyabei","Acer","Sapindaceae"
"Chionographis hisauchiana subsp. kurohimensis","Chionographis","Melanthiaceae"
"Asiasarum dimidiatum","Asiasarum","Aristolochiaceae"
"Eriocaulon parvum","Eriocaulon","Eriocaulaceae"
"Crataegus chlorosarca","Crataegus","Rosaceae"
"Gastrodia pubiladiata","Gastrodia","Orchidaceae"
"Asarum kumageanum var. kumageanum","Asarum","Aristolochiaceae"
"Veronica onoei","Veronica","Plantaginaceae"
"Tofieldia coccinea var. geibiensis","Tofieldia","Tofieldiaceae"
"Salix arbutifolia","Salix","Salicaceae"
"Scutellaria shikokiana var. pubicaulis","Scutellaria","Lamiaceae"
"Rhododendron scabrum","Rhododendron","Ericaceae"
"Trigonotis radicans var. radicans","Trigonotis","Boraginaceae"
"Orostachys malacophylla var. malacophylla","Orostachys","Crassulaceae"
"Rhododendron mucronulatum var. ciliatum","Rhododendron","Ericaceae"
"Cerastium fischerianum var. molle","Cerastium","Caryophyllaceae"
"Carex genkaiensis","Carex","Cyperaceae"
"Cypripedium debile","Cypripedium","Orchidaceae"
"Amitostigma kinoshitae","Amitostigma","Orchidaceae"
"Cirsium confertissimum","Cirsium","Asteraceae"
"Primula reinii var. reinii","Primula","Primulaceae"
"Aristolochia zollingeriana","Aristolochia","Aristolochiaceae"
"Pinguicula ramosa","Pinguicula","Lentibulariaceae"
"Begonia fenicis","Begonia","Begoniaceae"
"Spathoglottis plicata","Spathoglottis","Orchidaceae"
"Asarum kooyanum var. kooyanum","Asarum","Aristolochiaceae"
"Dichocarpum numajirianum","Dichocarpum","Ranunculaceae"
"Clematis obvallata var. obvallata","Clematis","Ranunculaceae"
"Deparia coreana","Deparia","Athyriaceae"
"Citrus nippokoreana","Citrus","Rutaceae"
"Hypericum ascyron var. longistylum","Hypericum","Hypericaceae"
"Tephroseris flammea subsp. glabrifolia","Tephroseris","Asteraceae"
"Senecio argunensis","Senecio","Asteraceae"
"Stigmatodactylus sikokianus","Stigmatodactylus","Orchidaceae"
"Limnophila indica","Limnophila","Plantaginaceae"
"Rumex dentatus subsp. nipponicus","Rumex","Polygonaceae"
"Ranunculus chinensis","Ranunculus","Ranunculaceae"
"Euphrasia kisoalpina","Euphrasia","Orobanchaceae"
"Lagenophora lanata","Lagenophora","Asteraceae"
"Solenogyne mikadoi","Solenogyne","Asteraceae"
"Lonicera linderifolia var. konoi","Lonicera","Caprifoliaceae"
"Trillium smallii","Trillium","Melanthiaceae"
"Rubus chingii","Rubus","Rosaceae"
"Helonias kawanoi","Helonias","Melanthiaceae"
"Eleocharis parvinux","Eleocharis","Cyperaceae"
"Scutellaria guilielmii","Scutellaria","Lamiaceae"
"Carex rotundata","Carex","Cyperaceae"
"Oreorchis itoana","Oreorchis","Orchidaceae"
"Tripterygium doianum","Tripterygium","Celastraceae"
"Potamogeton cristatus","Potamogeton","Potamogetonaceae"
"Cerastium furcatum var. ibukiense","Cerastium","Caryophyllaceae"
"Bredia okinawensis","Bredia","Melastomataceae"
"Hedyotis chrysotricha","Hedyotis","Rubiaceae"
"Gentiana laeviuscula","Gentiana","Gentianaceae"
"Salix rupifraga","Salix","Salicaceae"
"Centranthera cochinchinensis subsp. lutea","Centranthera","Orobanchaceae"
"Athyrium strigillosum","Athyrium","Athyriaceae"
"Parasenecio auriculatus var. bulbifer","Parasenecio","Asteraceae"
"Orostachys malacophylla var. boehmeri","Orostachys","Crassulaceae"
"Menziesia goyozanense","Menziesia","Ericaceae"
"Gastrodia javanica","Gastrodia","Orchidaceae"
"Epimedium diphyllum subsp. kitamuranum","Epimedium","Berberidaceae"
"Persicaria foliosa var. nikaii","Persicaria","Polygonaceae"
"Rhododendron lapponicum subsp. parvifolium","Rhododendron","Ericaceae"
"Neottia nidus-avis var. mandshurica","Neottia","Orchidaceae"
"Tricyrtis ishiiana var. ishiiana","Tricyrtis","Liliaceae"
"Najas chinensis","Najas","Hydrocharitaceae"
"Asarum sakawanum var. sakawanum","Asarum","Aristolochiaceae"
"Celtis biondii var. insularis","Celtis","Cannabaceae"
"Pecteilis radiata","Pecteilis","Orchidaceae"
"Petrosavia sakuraii","Petrosavia","Petrosaviaceae"
"Diplomorpha pauciflora","Diplomorpha","Thymelaeaceae"
"Polystichum piceopaleaceum","Polystichum","Dryopteridaceae"
"Primula sieboldii","Primula","Primulaceae"
"Cortusa matthioli subsp. pekinensis var. sachalinensis","Cortusa","Primulaceae"
"Potamogeton nitens","Potamogeton","Potamogetonaceae"
"Cirsium sieboldii subsp. austrokiushianum","Cirsium","Asteraceae"
"Ctenitis sinii","Ctenitis","Dryopteridaceae"
"Carex vaginata","Carex","Cyperaceae"
"Calamagrostis nana subsp. hayachinensis","Calamagrostis","Poaceae"
"Calanthe tricarinata","Calanthe","Orchidaceae"
"Lysimachia leucantha","Lysimachia","Primulaceae"
"Rosa hirtula","Rosa","Rosaceae"
"Salvinia natans","Salvinia","Salviniaceae"
"Comastoma pulmonarium subsp. sectum","Comastoma","Gentianaceae"
"Aster tataricus","Aster","Asteraceae"
"Bulbophyllum macraei var. macraei","Bulbophyllum","Orchidaceae"
"Anemone sikokiana","Anemone","Ranunculaceae"
"Primula kisoana var. shikokiana","Primula","Primulaceae"
"Filipendula tsuguwoi","Filipendula","Rosaceae"
"Arisaema iyoanum subsp. nakaianum","Arisaema","Araceae"
"Clematis obvallata var. shikokiana","Clematis","Ranunculaceae"
"Arisaema longipedunculatum var. longipedunculatum","Arisaema","Araceae"
"Adonis shikokuensis","Adonis","Ranunculaceae"
"Ranunculus grandis var. austrokurilensis","Ranunculus","Ranunculaceae"
"Stellaria ruscifolia","Stellaria","Caryophyllaceae"
"Lysionotus pauciflorus","Lysionotus","Gesneriaceae"
"Suaeda japonica","Suaeda","Amaranthaceae"
"Magnolia stellata","Magnolia","Magnoliaceae"
"Salvia koyamae","Salvia","Lamiaceae"
"Primula tosaensis var. brachycarpa","Primula","Primulaceae"
"Yoania flava","Yoania","Orchidaceae"
"Isoetes sinensis var. sinensis","Isoetes","Isoetaceae"
"Swertia swertopsis","Swertia","Gentianaceae"
"Acer miyabei var. shibatae","Acer","Sapindaceae"
"Triglochin asiatica","Triglochin","Juncaginaceae"
"Aster rugulosus var. shibukawaensis","Aster","Asteraceae"
"Rhododendron sanctum var. lasiogynum","Rhododendron","Ericaceae"
"Allium schoenoprasum var. shibutuense","Allium","Amaryllidaceae"
"Asplenium nidus","Asplenium","Aspleniaceae"
"Salvia isensis","Salvia","Lamiaceae"
"Adenophora tashiroi","Adenophora","Campanulaceae"
"Goodyera viridiflora","Goodyera","Orchidaceae"
"Rubus lambertianus","Rubus","Rosaceae"
"Polystichum shimurae","Polystichum","Dryopteridaceae"
"Pterygopleurum neurophyllum","Pterygopleurum","Apiaceae"
"Asarum muramatsui var. shimodanum","Asarum","Aristolochiaceae"
"Heterozeuxine odorata","Heterozeuxine","Orchidaceae"
"Forsythia togashii","Forsythia","Oleaceae"
"Carex capricornis","Carex","Cyperaceae"
"Tricyrtis macrantha","Tricyrtis","Liliaceae"
"Disperis neilgherrensis","Disperis","Orchidaceae"
"Adenophora nikoensis var. teramotoi","Adenophora","Campanulaceae"
"Vitis amurensis","Vitis","Vitaceae"
"Eriocaulon nudicuspe","Eriocaulon","Eriocaulaceae"
"Adenophora uryuensis","Adenophora","Campanulaceae"
"Platanthera hyperborea","Platanthera","Orchidaceae"
"Draba shiroumana","Draba","Brassicaceae"
"Eleocharis margaritacea","Eleocharis","Cyperaceae"
"Rhodotypos scandens","Rhodotypos","Rosaceae"
"Viola alliariifolia","Viola","Violaceae"
"Lilium japonicum var. abeanum","Lilium","Liliaceae"
"Eriocaulon truncatum","Eriocaulon","Eriocaulaceae"
"Lycopodium cryptomerinum","Lycopodium","Lycopodiaceae"
"Eleocharis equisetiformis","Eleocharis","Cyperaceae"
"Veronicastrum villosulum","Veronicastrum","Plantaginaceae"
"Vincetoxicum pycnostelma","Vincetoxicum","Apocynaceae"
"Microcarpaea minima","Microcarpaea","Phrymaceae"
"Asarum savatieri subsp. pseudosavatieri var. pseudosavatieri","Asarum","Aristolochiaceae"
"Caloscordum inutile","Caloscordum","Amaryllidaceae"
"Blyxa echinosperma","Blyxa","Hydrocharitaceae"
"Tricyrtis ishiiana var. surugensis","Tricyrtis","Liliaceae"
"Lonicera alpigena subsp. glehnii var. watanabeana","Lonicera","Caprifoliaceae"
"Juncus covillei var. covillei","Juncus","Juncaceae"
"Shibateranthis pinnatifida","Shibateranthis","Ranunculaceae"
"Hosta pycnophylla","Hosta","Asparagaceae"
"Aconitum jaluense subsp. iwatekense","Aconitum","Ranunculaceae"
"Carex lehmannii","Carex","Cyperaceae"
"Polystichum atkinsonii","Polystichum","Dryopteridaceae"
"Saxifraga sendaica","Saxifraga","Saxifragaceae"
"Euphorbia sendaica","Euphorbia","Euphorbiaceae"
"Rehmannia japonica","Rehmannia","Orobanchaceae"
"Swertia noguchiana","Swertia","Gentianaceae"
"Pilea swinglei","Pilea","Urticaceae"
"Primula sorachiana","Primula","Primulaceae"
"Senecio scandens","Senecio","Asteraceae"
"Habenaria dentata","Habenaria","Orchidaceae"
"Calanthe formosana","Calanthe","Orchidaceae"
"Lysionotus apicidens","Lysionotus","Gesneriaceae"
"Carex formosensis","Carex","Cyperaceae"
"Habenaria lacertifera","Habenaria","Orchidaceae"
"Ixeris chinensis subsp. strigosa","Ixeris","Asteraceae"
"Eulophia taiwanensis","Eulophia","Orchidaceae"
"Cerastium pauciflorum var. amurense","Cerastium","Caryophyllaceae"
"Cardamine kiusiana","Cardamine","Brassicaceae"
"Erythrorchis altissima","Erythrorchis","Orchidaceae"
"Scirpus maximowiczii","Scirpus","Cyperaceae"
"Tephroseris flammea subsp. flammea","Tephroseris","Asteraceae"
"Polystichum lachenense","Polystichum","Dryopteridaceae"
"Carex capillaris","Carex","Cyperaceae"
"Festuca takedana","Festuca","Poaceae"
"Poa glauca var. glauca","Poa","Poaceae"
"Aconitum zigzag","Aconitum","Ranunculaceae"
"Platanthera chorisiana","Platanthera","Orchidaceae"
"Carex siroumensis","Carex","Cyperaceae"
"Carex pauciflora","Carex","Cyperaceae"
"Carex melanocarpa","Carex","Cyperaceae"
"Melampyrum laxum var. arcuatum","Melampyrum","Orobanchaceae"
"Silene uralensis","Silene","Caryophyllaceae"
"Cerastium rubescens var. koreanum","Cerastium","Caryophyllaceae"
"Calanthe davidii","Calanthe","Orchidaceae"
"Arisaema nambae","Arisaema","Araceae"
"Antrophyum obovatum","Antrophyum","Pteridaceae"
"Mitella stylosa var. stylosa","Mitella","Saxifragaceae"
"Lilium speciosum var. clivorum","Lilium","Liliaceae"
"Carex paupercula","Carex","Cyperaceae"
"Peristylus lacertifer","Peristylus","Orchidaceae"
"Penthorum chinense","Penthorum","Penthoraceae"
"Salvia omerocalyx","Salvia","Lamiaceae"
"Calamagrostis tashiroi","Calamagrostis","Poaceae"
"Intsia bijuga","Intsia","Fabaceae"
"Poa nemoralis","Poa","Poaceae"
"Parietaria micrantha var. coreana","Parietaria","Urticaceae"
"Arabidopsis kamchatica subsp. kawasakiana","Arabidopsis","Brassicaceae"
"Viola raddeana","Viola","Violaceae"
"Moehringia trinervia","Moehringia","Caryophyllaceae"
"Citrus tachibana","Citrus","Rutaceae"
"Viola thibaudieri","Viola","Violaceae"
"Aster dimorphophyllus","Aster","Asteraceae"
"Thismia abei","Thismia","Burmanniaceae"
"Utricularia japonica","Utricularia","Lentibulariaceae"
"Thalictrum watanabei","Thalictrum","Ranunculaceae"
"Asarum tamaense","Asarum","Aristolochiaceae"
"Asparagus oligoclonos","Asparagus","Asparagaceae"
"Sparganium glomeratum","Sparganium","Typhaceae"
"Caryopteris incana","Caryopteris","Lamiaceae"
"Liparis bootanensis","Liparis","Orchidaceae"
"Saxifraga nelsoniana var. reniformis","Saxifraga","Saxifragaceae"
"Viola hultenii","Viola","Violaceae"
"Patrinia sibirica","Patrinia","Caprifoliaceae"
"Chrysanthemum arcticum subsp. yezoense","Chrysanthemum","Asteraceae"
"Bryanthus gmelinii","Bryanthus","Ericaceae"
"Sagina saginoides","Sagina","Caryophyllaceae"
"Lycopodium alpinum","Lycopodium","Lycopodiaceae"
"Equisetum variegatum","Equisetum","Equisetaceae"
"Lonicera chamissoi","Lonicera","Caprifoliaceae"
"Sparganium hyperboreum","Sparganium","Typhaceae"
"Callitriche hermaphroditica","Callitriche","Plantaginaceae"
"Carex planiculmis var. urasawae","Carex","Cyperaceae"
"Betula chichibuensis","Betula","Betulaceae"
"Gentianopsis contorta","Gentianopsis","Gentianaceae"
"Ranunculus yesoensis","Ranunculus","Ranunculaceae"
"Eleocharis parvula","Eleocharis","Cyperaceae"
"Thalictrum foetidum var. glabrescens","Thalictrum","Ranunculaceae"
"Chionographis koidzumiana var. koidzumiana","Chionographis","Melanthiaceae"
"Meterostachys sikokianus","Meterostachys","Crassulaceae"
"Choerospondias axillaris","Choerospondias","Anacardiaceae"
"Cirsium chokaiense","Cirsium","Asteraceae"
"Arenaria merckioides var. chokaiensis","Arenaria","Caryophyllaceae"
"Amsonia elliptica","Amsonia","Apocynaceae"
"Trigonotis radicans var. sericea","Trigonotis","Boraginaceae"
"Agrimonia coreana","Agrimonia","Rosaceae"
"Daphne koreana","Daphne","Thymelaeaceae"
"Indigofera kirilowii","Indigofera","Fabaceae"
"Chrysanthemum zawadskii var. alpinum","Chrysanthemum","Asteraceae"
"Buxus sinica var. insularis","Buxus","Buxaceae"
"Lecanthus peduncularis","Lecanthus","Urticaceae"
"Hylotelephium ussuriense var. tsugaruense","Hylotelephium","Crassulaceae"
"Hypericum sampsonii","Hypericum","Hypericaceae"
"Triosteum sinuatum","Triosteum","Caprifoliaceae"
"Asarum kiusianum var. kiusianum","Asarum","Aristolochiaceae"
"Rhododendron pentaphyllum var. pentaphyllum","Rhododendron","Ericaceae"
"Scirpus rosthornii var. kiushuensis","Scirpus","Cyperaceae"
"Cyperus ohwii","Cyperus","Cyperaceae"
"Chikusichloa aquatica","Chikusichloa","Poaceae"
"Veronicastrum sibiricum var. zuccarinii","Veronicastrum","Plantaginaceae"
"Eriocaulon kiusianum","Eriocaulon","Eriocaulaceae"
"Dioscorea asclepiadea","Dioscorea","Dioscoreaceae"
"Taraxacum kiushianum","Taraxacum","Asteraceae"
"Platanthera brevicalcarata subsp. yakumontana","Platanthera","Orchidaceae"
"Mitella kiusiana","Mitella","Saxifragaceae"
"Fimbristylis dichotoma subsp. podocarpa","Fimbristylis","Cyperaceae"
"Arisaema ogatae","Arisaema","Araceae"
"Angelica pseudoshikokiana","Angelica","Apiaceae"
"Veronica kiusiana var. kiusiana","Veronica","Plantaginaceae"
"Carex subcernua","Carex","Cyperaceae"
"Geranium soboliferum var. kiusianum","Geranium","Geraniaceae"
"Pimpinella thellungiana var. gustavohegiana","Pimpinella","Apiaceae"
"Tilia mandshurica var. rufovillosa","Tilia","Malvaceae"
"Sophora franchetiana","Sophora","Fabaceae"
"Pulsatilla nipponica","Pulsatilla","Ranunculaceae"
"Carex tsushimensis","Carex","Cyperaceae"
"Potentilla discolor","Potentilla","Rosaceae"
"Daphnimorpha capitellata","Daphnimorpha","Thymelaeaceae"
"Dryopteris tsutsuiana","Dryopteris","Dryopteridaceae"
"Potamogeton pusillus","Potamogeton","Potamogetonaceae"
"Trigonotis iinumae","Trigonotis","Boraginaceae"
"Campanumoea javanica var. japonica","Campanumoea","Campanulaceae"
"Corydalis ochotensis","Corydalis","Papaveraceae"
"Arisaema abei","Arisaema","Araceae"
"Heracleum sphondylium var. tsurugisanense","Heracleum","Apiaceae"
"Arachniodes chinensis","Arachniodes","Dryopteridaceae"
"Calanthe triplicata","Calanthe","Orchidaceae"
"Teucrium teinense","Teucrium","Lamiaceae"
"Primula takedana","Primula","Primulaceae"
"Silene yanoei","Silene","Caryophyllaceae"
"Tripterospermum japonicum var. involubile","Tripterospermum","Gentianaceae"
"Marsilea quadrifolia","Marsilea","Marsileaceae"
"Osteomeles anthyllidifolia var. subrotunda","Osteomeles","Rosaceae"
"Lysimachia candida","Lysimachia","Primulaceae"
"Veronica ornata","Veronica","Plantaginaceae"
"Ranzania japonica","Ranzania","Berberidaceae"
"Draba sakuraii","Draba","Brassicaceae"
"Pseudotsuga japonica","Pseudotsuga","Pinaceae"
"Astragalus tokachiensis","Astragalus","Fabaceae"
"Ribes triste","Ribes","Grossulariaceae"
"Pogonia japonica","Pogonia","Orchidaceae"
"Elatostema densiflorum","Elatostema","Urticaceae"
"Loropetalum chinense","Loropetalum","Hamamelidaceae"
"Cremastra unguiculata","Cremastra","Orchidaceae"
"Hypericum tosaense","Hypericum","Hypericaceae"
"Geodorum densiflorum","Geodorum","Orchidaceae"
"Fritillaria shikokiana","Fritillaria","Liliaceae"
"Mitella yoshinagae","Mitella","Saxifragaceae"
"Saussurea yoshinagae","Saussurea","Asteraceae"
"Asarum costatum","Asarum","Aristolochiaceae"
"Cyperus rotundus var. yoshinagae","Cyperus","Cyperaceae"
"Thelypteris flexilis","Thelypteris","Thelypteridaceae"
"Angelica yoshinagae","Angelica","Apiaceae"
"Corylopsis spicata","Corylopsis","Hamamelidaceae"
"Callicarpa shikokiana","Callicarpa","Lamiaceae"
"Epilobium platystigmatosum","Epilobium","Onagraceae"
"Anaphalis sinica var. pernivea","Anaphalis","Asteraceae"
"Androsace chamaejasme subsp. lehmanniana","Androsace","Primulaceae"
"Fimbristylis stauntonii var. tonensis","Fimbristylis","Cyperaceae"
"Ophioglossum namegatae","Ophioglossum","Ophioglossaceae"
"Lepisorus clathratus","Lepisorus","Polypodiaceae"
"Epipogium aphyllum","Epipogium","Orchidaceae"
"Najas minor","Najas","Hydrocharitaceae"
"Ixeridium dentatum subsp. kitayamense","Ixeridium","Asteraceae"
"Chrysanthemum yoshinaganthum","Chrysanthemum","Asteraceae"
"Hosta tsushimensis var. tibae","Hosta","Asparagaceae"
"Tectaria kusukusensis","Tectaria","Tectariaceae"
"Thalictrum integrilobum","Thalictrum","Ranunculaceae"
"Oreogrammitis tuyamae","Oreogrammitis","Polypodiaceae"
"Pellionia yosiei","Pellionia","Urticaceae"
"Drosera indica","Drosera","Droseraceae"
"Drosera anglica","Drosera","Droseraceae"
"Ainsliaea oblonga var. oblonga","Ainsliaea","Asteraceae"
"Euonymus oblongifolius","Euonymus","Celastraceae"
"Vaccinium sieboldii","Vaccinium","Ericaceae"
"Cymbidium nagifolium","Cymbidium","Orchidaceae"
"Sedirea japonica","Sedirea","Orchidaceae"
"Calanthe puberula var. puberula","Calanthe","Orchidaceae"
"Sedum drymarioides","Sedum","Crassulaceae"
"Gastrodia gracilis","Gastrodia","Orchidaceae"
"Euphrasia microphylla","Euphrasia","Orobanchaceae"
"Arundina graminifolia","Arundina","Orchidaceae"
"Asarum nipponicum var. nankaiense","Asarum","Aristolochiaceae"
"Vincetoxicum austrokiusianum","Vincetoxicum","Apocynaceae"
"Marsilea crenata","Marsilea","Marsileaceae"
"Rhododendron mayebarae var. mayebarae","Rhododendron","Ericaceae"
"Macodes petola","Macodes","Orchidaceae"
"Goodyera grandis","Goodyera","Orchidaceae"
"Draba japonica","Draba","Brassicaceae"
"Poa hayachinensis","Poa","Poaceae"
"Sanguisorba obtusa","Sanguisorba","Rosaceae"
"Bistorta hayachinensis","Bistorta","Polygonaceae"
"Pseudostellaria japonica","Pseudostellaria","Caryophyllaceae"
"Dryopteris hadanoi","Dryopteris","Dryopteridaceae"
"Orchis joo-iokiana","Orchis","Orchidaceae"
"Carex vanheurckii","Carex","Cyperaceae"
"Persicaria taquetii","Persicaria","Polygonaceae"
"Carex cinerascens","Carex","Cyperaceae"
"Sium suave var. nipponicum","Sium","Apiaceae"
"Montia fontana","Montia","Montiaceae"
"Saussurea modesta","Saussurea","Asteraceae"
"Nuphar pumila var. pumila","Nuphar","Nymphaeaceae"
"Carex gmelinii","Carex","Cyperaceae"
"Euphorbia adenochlora","Euphorbia","Euphorbiaceae"
"Malus spontanea","Malus","Rosaceae"
"Thalictrum simplex var. brevipes","Thalictrum","Ranunculaceae"
"Lysimachia barystachys","Lysimachia","Primulaceae"
"Rumex longifolius","Rumex","Polygonaceae"
"Fimbristylis pierotii","Fimbristylis","Cyperaceae"
"Carex mackenziei","Carex","Cyperaceae"
"Corymborkis veratrifolia","Corymborkis","Orchidaceae"
"Lepturus repens","Lepturus","Poaceae"
"Samolus parviflorus","Samolus","Primulaceae"
"Euphorbia octoradiata","Euphorbia","Euphorbiaceae"
"Elaeagnus matsunoana","Elaeagnus","Elaeagnaceae"
"Rhododendron tsusiophyllum","Rhododendron","Ericaceae"
"Dichocarpum hakonense","Dichocarpum","Ranunculaceae"
"Ephippianthus sawadanus","Ephippianthus","Orchidaceae"
"Alchemilla japonica","Alchemilla","Rosaceae"
"Apocynum venetum var. basikurumon","Apocynum","Apocynaceae"
"Fimbristylis stauntonii var. stauntonii","Fimbristylis","Cyperaceae"
"Quercus hondae","Quercus","Fagaceae"
"Aconitum ciliare","Aconitum","Ranunculaceae"
"Polemonium kiushianum","Polemonium","Polemoniaceae"
"Acer pycnanthum","Acer","Sapindaceae"
"Dontostemon dentatus","Dontostemon","Brassicaceae"
"Carex cruciata","Carex","Cyperaceae"
"Lonicera maackii","Lonicera","Caprifoliaceae"
"Galium tokyoense","Galium","Rubiaceae"
"Artemisia glomerata","Artemisia","Asteraceae"
"Epipactis papillosa var. sayekiana","Epipactis","Orchidaceae"
"Limonium tetragonum","Limonium","Plumbaginaceae"
"Myoporum bontioides","Myoporum","Scrophulariaceae"
"Paliurus ramosissimus","Paliurus","Rhamnaceae"
"Tribulus terrestris","Tribulus","Zygophyllaceae"
"Sedum formosanum","Sedum","Crassulaceae"
"Leontopodium hayachinense","Leontopodium","Asteraceae"
"Maytenus diversifolia","Maytenus","Celastraceae"
"Arisaema minus","Arisaema","Araceae"
"Thalictrum baicalense","Thalictrum","Ranunculaceae"
"Gastrodia nipponica","Gastrodia","Orchidaceae"
"Ajuga incisa","Ajuga","Lamiaceae"
"Polystichum lonchitis","Polystichum","Dryopteridaceae"
"Ranunculus ternatus var. ternatus","Ranunculus","Ranunculaceae"
"Stipa alpina","Stipa","Poaceae"
"Peristylus calcaratus","Peristylus","Orchidaceae"
"Kobresia myosuroides","Kobresia","Cyperaceae"
"Aster maackii","Aster","Asteraceae"
"Echinops setifer","Echinops","Asteraceae"
"Corylopsis gotoana var. pubescens","Corylopsis","Hamamelidaceae"
"Trapella sinensis","Trapella","Plantaginaceae"
"Euonymus chibae","Euonymus","Celastraceae"
"Cirsium tashiroi var. hidaense","Cirsium","Asteraceae"
"Primula hidakana var. hidakana","Primula","Primulaceae"
"Callianthemum miyabeanum","Callianthemum","Ranunculaceae"
"Hylotelephium cauticola f. cauticola","Hylotelephium","Crassulaceae"
"Rhododendron dilatatum var. boreale","Rhododendron","Ericaceae"
"Chionanthus retusus","Chionanthus","Oleaceae"
"Adenophora maximowicziana","Adenophora","Campanulaceae"
"Orchis chidori","Orchis","Orchidaceae"
"Polygala tatarinowii","Polygala","Polygalaceae"
"Oxygyne hyodoi","Oxygyne","Burmanniaceae"
"Saussurea japonica","Saussurea","Asteraceae"
"Amitostigma gracile","Amitostigma","Orchidaceae"
"Pseudostellaria heterantha var. linearifolia","Pseudostellaria","Caryophyllaceae"
"Pteris nakasimae","Pteris","Pteridaceae"
"Angiopteris fokiensis","Angiopteris","Marattiaceae"
"Carex eleusinoides","Carex","Cyperaceae"
"Gagea japonica","Gagea","Liliaceae"
"Pteris yamatensis","Pteris","Pteridaceae"
"Carex subspathacea","Carex","Cyperaceae"
"Leontopodium shinanense","Leontopodium","Asteraceae"
"Cheilanthes argentea","Cheilanthes","Pteridaceae"
"Phedimus sikokianus","Phedimus","Crassulaceae"
"Halerpestes kawakamii","Halerpestes","Ranunculaceae"
"Nuphar subintegerrima","Nuphar","Nymphaeaceae"
"Parasenecio shikokianus","Parasenecio","Asteraceae"
"Primula macrocarpa","Primula","Primulaceae"
"Mazus goodenifolius","Mazus","Phrymaceae"
"Lilium rubellum","Lilium","Liliaceae"
"Nymphoides coreana","Nymphoides","Menyanthaceae"
"Lomatogonium carinthiacum","Lomatogonium","Gentianaceae"
"Utricularia minor","Utricularia","Lentibulariaceae"
"Vaccinium microcarpum","Vaccinium","Ericaceae"
"Equisetum scirpoides","Equisetum","Equisetaceae"
"Tainia laxiflora","Tainia","Orchidaceae"
"Mitrasacme indica","Mitrasacme","Loganiaceae"
"Osbeckia chinensis","Osbeckia","Melastomataceae"
"Ranunculus trichophyllus var. kazusensis","Ranunculus","Ranunculaceae"
"Mentha japonica","Mentha","Lamiaceae"
"Botrychium lunaria","Botrychium","Ophioglossaceae"
"Picea maximowiczii","Picea","Pinaceae"
"Saussurea pulchella","Saussurea","Asteraceae"
"Trapa incisa","Trapa","Lythraceae"
"Calypso bulbosa var. bulbosa","Calypso","Orchidaceae"
"Scirpus karuisawensis","Scirpus","Cyperaceae"
"Sparganium subglobosum","Sparganium","Typhaceae"
"Carex laevissima","Carex","Cyperaceae"
"Habenaria linearifolia var. brachycentra","Habenaria","Orchidaceae"
"Isoetes asiatica","Isoetes","Isoetaceae"
"Stegnogramma gymnocarpa subsp. amabilis","Stegnogramma","Thelypteridaceae"
"Thalictrum nakamurae","Thalictrum","Ranunculaceae"
"Neottia acuminata","Neottia","Orchidaceae"
"Lilium concolor","Lilium","Liliaceae"
"Lycopodium casuarinoides","Lycopodium","Lycopodiaceae"
"Lycopodium sieboldii var. sieboldii","Lycopodium","Lycopodiaceae"
"Isolepis crassiuscula","Isolepis","Cyperaceae"
"Hydrangea serrata var. minamitanii","Hydrangea","Hydrangeaceae"
"Arachniodes hiugana","Arachniodes","Dryopteridaceae"
"Euphorbia watanabei subsp. minamitanii","Euphorbia","Euphorbiaceae"
"Angelica tenuisecta var. furcijuga","Angelica","Apiaceae"
"Arisaema minamitanii","Arisaema","Araceae"
"Vallisneria natans var. higoensis","Vallisneria","Hydrocharitaceae"
"Avicennia marina","Avicennia","Acanthaceae"
"Lumnitzera racemosa","Lumnitzera","Combretaceae"
"Chrysanthemum weyrichii","Chrysanthemum","Asteraceae"
"Thalictrum toyamae","Thalictrum","Ranunculaceae"
"Callicarpa kochiana","Callicarpa","Lamiaceae"
"Elaphoglossum tosaense","Elaphoglossum","Onocleaceae"
"Viburnum koreanum","Viburnum","Adoxaceae"
"Goodyera pendula var. brachyphylla","Goodyera","Orchidaceae"
"Platanthera fuscescens","Platanthera","Orchidaceae"
"Amana erythronioides","Amana","Liliaceae"
"Oreogrammitis nipponica","Oreogrammitis","Polypodiaceae"
"Suaeda malacosperma","Suaeda","Amaranthaceae"
"Lemna trisulca","Lemna","Araceae"
"Neofinetia falcata","Neofinetia","Orchidaceae"
"Saussurea fauriei","Saussurea","Asteraceae"
"Liparis fujisanensis","Liparis","Orchidaceae"
"Adonis ramosa","Adonis","Ranunculaceae"
"Diplazium pin-faense","Diplazium","Athyriaceae"
"Tripogon longearistatus var. japonicus","Tripogon","Poaceae"
"Utricularia dimorphantha","Utricularia","Lentibulariaceae"
"Neottianthe fujisanensis","Neottianthe","Orchidaceae"
"Eupatorium japonicum","Eupatorium","Asteraceae"
"Aster hispidus var. koidzumianus","Aster","Asteraceae"
"Anemone dichotoma","Anemone","Ranunculaceae"
"Athyrium eremicola","Athyrium","Athyriaceae"
"Pedicularis koidzumiana","Pedicularis","Orobanchaceae"
"Lonicera sachalinensis","Lonicera","Caprifoliaceae"
"Paeonia obovata","Paeonia","Paeoniaceae"
"Arabis ligulifolia","Arabis","Brassicaceae"
"Adenophora takedae var. howozana","Adenophora","Campanulaceae"
"Adiantum capillus-junonis","Adiantum","Pteridaceae"
"Luisia teres","Luisia","Orchidaceae"
"Stimpsonia chamaedryoides","Stimpsonia","Primulaceae"
"Pedicularis spicata","Pedicularis","Orobanchaceae"
"Spiraea salicifolia","Spiraea","Rosaceae"
"Asarum sakawanum var. stellatum","Asarum","Aristolochiaceae"
"Persicaria erectominor var. trigonocarpa","Persicaria","Polygonaceae"
"Sparganium angustifolium","Sparganium","Typhaceae"
"Lagotis yesoensis","Lagotis","Plantaginaceae"
"Achillea ptarmica subsp. macrocephala var. yezoensis","Achillea","Asteraceae"
"Inula linariifolia","Inula","Asteraceae"
"Carex nemurensis","Carex","Cyperaceae"
"Rhododendron makinoi","Rhododendron","Ericaceae"
"Pterygocalyx volubilis","Pterygocalyx","Gentianaceae"
"Angelica stenoloba","Angelica","Apiaceae"
"Torreyochloa natans","Torreyochloa","Poaceae"
"Fritillaria amabilis","Fritillaria","Liliaceae"
"Ixeridium beauverdianum","Ixeridium","Asteraceae"
"Aster sohayakiensis","Aster","Asteraceae"
"Triglochin palustris","Triglochin","Juncaginaceae"
"Heracleum lanatum subsp. akasimontanum","Heracleum","Apiaceae"
"Leontopodium fauriei var. angustifolium","Leontopodium","Asteraceae"
"Potamogeton alpinus","Potamogeton","Potamogetonaceae"
"Melampyrum setaceum","Melampyrum","Orobanchaceae"
"Erigeron acer var. linearifolius","Erigeron","Asteraceae"
"Mosla chinensis","Mosla","Lamiaceae"
"Cypripedium macranthos var. macranthos","Cypripedium","Orchidaceae"
"Calypso bulbosa var. speciosa","Calypso","Orchidaceae"
"Carex tsuishikarensis","Carex","Cyperaceae"
"Sciaphila nana","Sciaphila","Triuridaceae"
"Arisaema heterophyllum","Arisaema","Araceae"
"Asplenium formosae","Asplenium","Aspleniaceae"
"Oxytropis shokanbetsuensis","Oxytropis","Fabaceae"
"Sedum hakonense","Sedum","Crassulaceae"
"Psilotum nudum","Psilotum","Psilotaceae"
"Silene sieboldii","Silene","Caryophyllaceae"
"Loxocalyx ambiguus","Loxocalyx","Lamiaceae"
"Bulbophyllum drymoglossum","Bulbophyllum","Orchidaceae"
"Pyrus calleryana","Pyrus","Rosaceae"
"Eurya minutissima","Eurya","Pentaphylacaceae"
"Cymbidium macrorhizon","Cymbidium","Orchidaceae"
"Aristolochia contorta","Aristolochia","Aristolochiaceae"
"Caldesia parnassiifolia","Caldesia","Alismataceae"
"Euphrasia insignis subsp. insignis var. nummularia","Euphrasia","Orobanchaceae"
"Mitella nuda","Mitella","Saxifragaceae"
"Ainsliaea fragrans","Ainsliaea","Asteraceae"
"Cinnamomum daphnoides","Cinnamomum","Lauraceae"
"Deinostema adenocaulum","Deinostema","Plantaginaceae"
"Asarum subglobosum","Asarum","Aristolochiaceae"
"Blyxa aubertii","Blyxa","Hydrocharitaceae"
"Euphorbia ebracteolata","Euphorbia","Euphorbiaceae"
"Carex peiktusanii","Carex","Cyperaceae"
"Eriocaulon mikawanum var. mikawanum","Eriocaulon","Eriocaulaceae"
"Pedicularis resupinata subsp. oppositifolia var. microphylla","Pedicularis","Orobanchaceae"
"Astilbe odontophylla var. okuyamae","Astilbe","Saxifragaceae"
"Scleria mikawana","Scleria","Cyperaceae"
"Utricularia exoleta","Utricularia","Lentibulariaceae"
"Veratrum stamineum var. micranthum","Veratrum","Melanthiaceae"
"Arundinella riparia","Arundinella","Poaceae"
"Rhynchospora malasica","Rhynchospora","Cyperaceae"
"Leucanthemella linearis","Leucanthemella","Asteraceae"
"Bupleurum scorzonerifolium var. stenophyllum","Bupleurum","Apiaceae"
"Monochoria korsakowii","Monochoria","Pontederiaceae"
"Rotala rosea","Rotala","Lythraceae"
"Ludwigia peploides subsp. stipulacea","Ludwigia","Onagraceae"
"Rotala hippuris","Rotala","Lythraceae"
"Androcorys pusillus","Androcorys","Orchidaceae"
"Elymus humidus","Elymus","Poaceae"
"Pogostemon yatabeanus","Pogostemon","Lamiaceae"
"Habenaria sagittifera","Habenaria","Orchidaceae"
"Isoetes japonica","Isoetes","Isoetaceae"
"Isoetes pseudojaponica","Isoetes","Isoetaceae"
"Pogostemon stellatus","Pogostemon","Lamiaceae"
"Rotala mexicana","Rotala","Lythraceae"
"Eleocharis acutangula","Eleocharis","Cyperaceae"
"Hylotelephium sieboldii var. sieboldii","Hylotelephium","Crassulaceae"
"Vrydagzynea nuda","Vrydagzynea","Orchidaceae"
"Primula cuneifolia var. heterodonta","Primula","Primulaceae"
"Asarum fauriei var. fauriei","Asarum","Aristolochiaceae"
"Adonis multiflora","Adonis","Ranunculaceae"
"Fritillaria japonica","Fritillaria","Liliaceae"
"Chionographis hisauchiana subsp. minoensis","Chionographis","Melanthiaceae"
"Acrostichum aureum","Acrostichum","Pteridaceae"
"Cardamine trifida","Cardamine","Brassicaceae"
"Carex subumbellata","Carex","Cyperaceae"
"Pilea kiotensis","Pilea","Urticaceae"
"Asarum fauriei var. nakaianum","Asarum","Aristolochiaceae"
"Trisetum koidzumianum","Trisetum","Poaceae"
"Saussurea franchetii","Saussurea","Asteraceae"
"Cirsium japonicum var. ibukiense","Cirsium","Asteraceae"
"Juncus yakeisidakensis","Juncus","Juncaceae"
"Balanophora nipponica","Balanophora","Balanophoraceae"
"Polemonium caeruleum subsp. yezoense var. nipponicum","Polemonium","Polemoniaceae"
"Botrychium lanceolatum","Botrychium","Ophioglossaceae"
"Anthoxanthum nipponicum","Anthoxanthum","Poaceae"
"Rhamnus ishidae","Rhamnus","Rhamnaceae"
"Nervilia nipponica","Nervilia","Orchidaceae"
"Peristylus flagellifer","Peristylus","Orchidaceae"
"Cleisostoma scolopendrifolium","Cleisostoma","Orchidaceae"
"Bulbophyllum inconspicuum","Bulbophyllum","Orchidaceae"
"Najas ancistrocarpa","Najas","Hydrocharitaceae"
"Dracocephalum argunense","Dracocephalum","Lamiaceae"
"Carex livida","Carex","Cyperaceae"
"Lithospermum erythrorhizon","Lithospermum","Boraginaceae"
"Swertia pseudochinensis","Swertia","Gentianaceae"
"Menziesia lasiophylla","Menziesia","Ericaceae"
"Utricularia uliginosa","Utricularia","Lentibulariaceae"
"Potentilla miyabei","Potentilla","Rosaceae"
"Draba sachalinensis","Draba","Brassicaceae"
"Crossostephium chinense","Crossostephium","Asteraceae"
"Parasenecio kiusianus","Parasenecio","Asteraceae"
"Mitella acerina","Mitella","Saxifragaceae"
"Astilbe platyphylla","Astilbe","Saxifragaceae"
"Betula davurica","Betula","Betulaceae"
"Rhamnella franguloides var. inaequilatera","Rhamnella","Rhamnaceae"
"Nervilia aragoana","Nervilia","Orchidaceae"
"Hetaeria yakusimensis","Hetaeria","Orchidaceae"
"Selliguea yakuinsularis","Selliguea","Polypodiaceae"
"Tropidia nipponica var. nipponica","Tropidia","Orchidaceae"
"Kuhlhasseltia yakushimensis","Kuhlhasseltia","Orchidaceae"
"Polystichum neolobatum","Polystichum","Dryopteridaceae"
"Ribes ambiguum","Ribes","Grossulariaceae"
"Utricularia ochroleuca","Utricularia","Lentibulariaceae"
"Adenophora palustris","Adenophora","Campanulaceae"
"Equisetum pratense","Equisetum","Equisetaceae"
"Chamaedaphne calyculata","Chamaedaphne","Ericaceae"
"Epimedium grandiflorum var. grandiflorum","Epimedium","Berberidaceae"
"Hammarbya paludosa","Hammarbya","Orchidaceae"
"Ranunculus yatsugatakensis","Ranunculus","Ranunculaceae"
"Picea koyamae","Picea","Pinaceae"
"Draba oiana","Draba","Brassicaceae"
"Campanula glomerata var. dahurica","Campanula","Campanulaceae"
"Ixeridium laevigatum","Ixeridium","Asteraceae"
"Persicaria foliosa var. paludicola","Persicaria","Polygonaceae"
"Aster hispidus var. leptocladus","Aster","Asteraceae"
"Osmanthus insularis var. okinawensis","Osmanthus","Oleaceae"
"Sedum tosaense","Sedum","Crassulaceae"
"Lonicera linderifolia var. linderifolia","Lonicera","Caprifoliaceae"
"Goodyera fumata","Goodyera","Orchidaceae"
"Galium niewerthii","Galium","Rubiaceae"
"Artemisia rubripes","Artemisia","Asteraceae"
"Syneilesis tagawae","Syneilesis","Asteraceae"
"Festuca hondoensis","Festuca","Poaceae"
"Carex hymenodon","Carex","Cyperaceae"
"Amorphophallus kiusianus","Amorphophallus","Araceae"
"Mosla japonica var. japonica","Mosla","Lamiaceae"
"Paeonia japonica","Paeonia","Paeoniaceae"
"Lilium maculatum var. monticola","Lilium","Liliaceae"
"Ligularia angusta","Ligularia","Asteraceae"
"Eriocaulon japonicum","Eriocaulon","Eriocaulaceae"
"Sparganium fallax","Sparganium","Typhaceae"
"Asplenium castaneoviride","Asplenium","Aspleniaceae"
"Sanicula kaiensis","Sanicula","Apiaceae"
"Physalis chamaesarachoides","Physalis","Solanaceae"
"Vincetoxicum yamanakae","Vincetoxicum","Apocynaceae"
"Fimbristylis ovata","Fimbristylis","Cyperaceae"
"Cephalanthera erecta var. subaphylla","Cephalanthera","Orchidaceae"
"Potentilla matsumurae var. yuparensis","Potentilla","Rosaceae"
"Gentianella amarella subsp. yuparensis","Gentianella","Gentianaceae"
"Saussurea chionophylla","Saussurea","Asteraceae"
"Arisaema sikokianum","Arisaema","Araceae"
"Artemisia momiyamae","Artemisia","Asteraceae"
"Salix hukaoana","Salix","Salicaceae"
"Menziesia purpurea","Menziesia","Ericaceae"
"Astragalus frigidus subsp. parviflorus","Astragalus","Fabaceae"
"Trisetum spicatum subsp. alascanum","Trisetum","Poaceae"
"Juniperus communis var. montana","Juniperus","Cupressaceae"
"Gentiana jamesii var. jamesii","Gentiana","Gentianaceae"
"Hydrangea liukiuensis","Hydrangea","Hydrangeaceae"
"Habenaria pantlingiana","Habenaria","Orchidaceae"
"Lycopodium sieboldii var. christensenianum","Lycopodium","Lycopodiaceae"
"Potamogeton pectinatus","Potamogeton","Potamogetonaceae"
"Veronica subsessilis","Veronica","Plantaginaceae"
"Cypripedium macranthos var. rebunense","Cypripedium","Orchidaceae"
"Primula modesta var. matsumurae","Primula","Primulaceae"
"Bupleurum ajanense","Bupleurum","Apiaceae"
"Oxytropis megalantha","Oxytropis","Fabaceae"
"Calanthe lyroglossa","Calanthe","Orchidaceae"
"Vincetoxicum amplexicaule","Vincetoxicum","Apocynaceae"
"Chrysanthemum wakasaense","Chrysanthemum","Asteraceae"
"Peltoboykinia watanabei","Peltoboykinia","Saxifragaceae"
"Cirsium tashiroi var. tashiroi","Cirsium","Asteraceae"
"Artemisia gilvescens","Artemisia","Asteraceae"
"Arthropteris palisotii","Arthropteris","Tectariaceae"
